<?xml version="1.0" encoding="UTF-8"?>
<project-private xmlns="http://www.netbeans.org/ns/project-private/1">
    <editor-bookmarks xmlns="http://www.netbeans.org/ns/editor-bookmarks/2" lastBookmarkId="0"/>
    <open-files xmlns="http://www.netbeans.org/ns/projectui-open-files/2">
        <group>
            <file>file:/D:/DUOC/2020/7.%20PGY2121/Proyectos/UNIDAD%202/Practica_Colecciones_Pokemon/src/cl/duoc/main/Main.java</file>
            <file>file:/D:/DUOC/2020/7.%20PGY2121/Proyectos/UNIDAD%202/Practica_Colecciones_Pokemon/src/cl/duoc/clases/Pokemon.java</file>
            <file>file:/D:/DUOC/2020/7.%20PGY2121/Proyectos/UNIDAD%202/Practica_Colecciones_Pokemon/src/cl/duoc/clases/MochilaPokemon.java</file>
        </group>
    </open-files>
</project-private>
