<?xml version="1.0" encoding="UTF-8"?>
<project-private xmlns="http://www.netbeans.org/ns/project-private/1">
    <editor-bookmarks xmlns="http://www.netbeans.org/ns/editor-bookmarks/2" lastBookmarkId="0"/>
    <open-files xmlns="http://www.netbeans.org/ns/projectui-open-files/2">
        <group>
            <file>file:/D:/pgy2121-011/Intro_Herencia_011/src/com/duoc/views/Main.java</file>
            <file>file:/D:/pgy2121-011/Intro_Herencia_011/src/com/duoc/models/Empleado.java</file>
            <file>file:/D:/pgy2121-011/Intro_Herencia_011/src/com/duoc/models/Docente.java</file>
            <file>file:/D:/pgy2121-011/Intro_Herencia_011/src/com/duoc/models/Administrativo.java</file>
            <file>file:/D:/pgy2121-011/Intro_Herencia_011/src/com/duoc/models/Persona.java</file>
            <file>file:/D:/pgy2121-011/Intro_Herencia_011/src/com/duoc/models/Sede.java</file>
            <file>file:/D:/pgy2121-011/Intro_Herencia_011/src/com/duoc/models/Alumno.java</file>
            <file>file:/D:/pgy2121-011/Intro_Herencia_011/src/com/duoc/models/iPersonas.java</file>
        </group>
    </open-files>
</project-private>
