<?xml version="1.0" encoding="UTF-8"?>
<project-private xmlns="http://www.netbeans.org/ns/project-private/1">
    <editor-bookmarks xmlns="http://www.netbeans.org/ns/editor-bookmarks/2" lastBookmarkId="0"/>
    <open-files xmlns="http://www.netbeans.org/ns/projectui-open-files/2">
        <group>
            <file>file:/D:/pgy2121-011/POO_Banco_011/src/com/duoc/clases/CuentaBancaria.java</file>
            <file>file:/D:/pgy2121-011/POO_Banco_011/src/com/duoc/clases/Main.java</file>
        </group>
    </open-files>
</project-private>
